question_name|answers|exam_type|title|raw_question|processed_question|raw_correct_answer|processed_correct_answer
Câu 1|A. thời gian bùng nổ.	 			B. lực lượng tham gia.	C. địa bàn đấu tranh.				D. mục tiêu đấu tranh. |exam grade 11|FILE_20210727_195732_ĐỀTHI-HỌC-KÌ-KÌ-II-2021|. Điểm khác nhau cơ bản giữa khởi nghĩa Yên Thế và phong trào Cần Vương là |điểm khác nhau cơ_bản giữa khởi_nghĩa yên_thế và phong_trào cần vương là|D . mục tiêu đấu tranh.|mục_tiêu đấu_tranh
Câu 2|A. Vua Hàm Nghi. 				B. Tôn Thất Thuyết. C. Tôn Thất Thiệp. 				D. Trần Tiễn Thành.|exam grade 11|FILE_20210727_195732_ĐỀTHI-HỌC-KÌ-KÌ-II-2021|. Người đứng đầu phái chủ chiến trong triều đình Huế là ai?|người đứng đầu phái chủ_chiến trong triều đình huế là ai|B . Tôn Thất Thuyết.|tôn thất_thuyết
Câu 3|A. Đồn Mang Cá, tòa Khâm sứ.  		B. Đồn Mang Cá, Đại Nội. C. Tòa Khâm sứ, trên sông Hương.  		D. Tòa Khâm sứ, Đại Nội. |exam grade 11|FILE_20210727_195732_ĐỀTHI-HỌC-KÌ-KÌ-II-2021|. Phái chủ chiến đã mở cuộc phản công quân Pháp tại những địa điểm nào?|phái chủ_chiến đã mở cuộc phản_công quân_pháp tại những địa_điểm nào|A . Đồn Mang Cá, tòa Khâm sứ.|đồn mang cá tòa khâm sứ
Câu 4|A. Kinh thành Huế. 				B. Tân Sở (Quảng Trị).C. Quảng Bình 					D. Vụ Quang (Hà Tĩnh).|exam grade 11|FILE_20210727_195732_ĐỀTHI-HỌC-KÌ-KÌ-II-2021|. Tôn Thất Thuyết đã thay mặt vua Hàm Nghi ra chiếu Cần Vương tại đâu?|tôn thất_thuyết đã thay_mặt vua hàm nghi ra chiếu cần vương tại đâu|B . Tân Sở (Quảng Trị).|tân sở quảng_trị
Câu 5|A. Kêu gọi nhân dân giúp vua xây dựng đất nước. B. Kêu gọi nhân dân giúp vua bảo vệ đất nước.C. Kêu gọi nhân dân giúp vua cứu nước.D. Kêu gọi nhân dân giúp vua khôi phục đất nước.|exam grade 11|FILE_20210727_195732_ĐỀTHI-HỌC-KÌ-KÌ-II-2021|. Mục đích của việc ra chiếu Cần vương là gì?|mục_đích của việc ra chiếu cần vương là gì|C . Kêu gọi nhân dân giúp vua cứu nước.|kêu_gọi nhân_dân giúp vua cứu nước
Câu 6|A. Khởi nghĩa Bãi Sậy.   			B. Khởi nghĩa Ba Đình.C. Khởi nghĩa Hương Khê.  		D. Khởi nghĩa Hùng Lĩnh.|exam grade 11|FILE_20210727_195732_ĐỀTHI-HỌC-KÌ-KÌ-II-2021|. Cuộc khởi nghĩa tiêu biểu nhất trong phong trào Cần vương là?|cuộc khởi_nghĩa tiêu_biểu nhất trong phong_trào cần vương là|C . Khởi nghĩa Hương Khê.|khởi_nghĩa hương_khê
Câu 7|A. Nguyến Thiện Thuật. 			B. Phan Đình Phùng. Cao Thắng.C. Hoàng Hoa Thám. 			D. Đinh Công Tráng.|exam grade 11|FILE_20210727_195732_ĐỀTHI-HỌC-KÌ-KÌ-II-2021|. Lãnh tụ của cuộc khởi nghĩa Hương Khê là ai?|lãnh_tụ của cuộc khởi_nghĩa hương_khê là ai|B . Phan Đình Phùng. Cao Thắng.|phan đình phùng cao_thắng
Câu 8|A. Nguyến Thiện Thuật. 			B. Phan Đình Phùng. C. Hoàng Hoa Thám. 			D. Đinh Công Tráng.|exam grade 11|FILE_20210727_195732_ĐỀTHI-HỌC-KÌ-KÌ-II-2021|. Lãnh đạo của cuộc khởi nghĩa Bãi Sậy là ai?|lãnh_đạo của cuộc khởi_nghĩa bãi sậy là ai|A . Nguyến Thiện Thuật.|nguyến thiện thuật
Câu 9|A. hưởng ứng chiếu Cần vương.  	B. tự vệ, bảo vệ cuộc sống của mình.B. chống Pháp mở rộng xâm lược.  	D. giải phóng dân tộc.|exam grade 11|FILE_20210727_195732_ĐỀTHI-HỌC-KÌ-KÌ-II-2021|. Khởi nghĩa Yên Thế nổ ra với mục đích |khởi_nghĩa yên_thế nổ ra với mục_đích|B . tự vệ, bảo vệ cuộc sống của mình.|tự_vệ bảo_vệ cuộc_sống của mình
Câu 10|A. Tố cáo tội ác xâm lược của thực dân Pháp.B. Khẳng định quyết tâm chống Pháp của triều đình kháng chiến đứng đầu là vua Hàm Nghi.C. Kêu gọi nhân dân đứng lên giúp vua cứu nước, khôi phục quốc gia phong kiến độc lập.D. Khẳng định quyền độc lập tự chủ của dân tộc ta.|exam grade 11|FILE_20210727_195732_ĐỀTHI-HỌC-KÌ-KÌ-II-2021|. Ý nào sau đây không phải là nội dung của chiếu Cần Vương ?|ý nào sau đây không phải là nội_dung của chiếu cần vương|D . Khẳng định quyền độc lập tự chủ của dân tộc ta.|khẳng_định quyền độc_lập tự_chủ của dân_tộc ta
Câu 11|	A. ngoại thương, quân sự và giao thông.	B. nông nghiệp, công nghiệp và quân sự.	C. phát triển kinh tế nông nghiệp và công thương nghiệp.	D. cướp đất lập đồn điền, khai mỏ, thu thuế và giao thông.|exam grade 11|FILE_20210727_195732_ĐỀTHI-HỌC-KÌ-KÌ-II-2021|. Chính sách khai thác thuộc địa lần thứ nhất của thực dân Pháp tập trung vào|chính_sách khai_thác thuộc_địa lần thứ nhất của thực_dân pháp tập_trung vào|D . cướp đất lập đồn điền, khai mỏ, thu thuế và giao thông.|cướp đất lập đồn_điền khai mỏ thu thuế và giao_thông
Câu 12|A. Nhà báo, nhà giáo.				B. Chủ các hãng buôn lớn. C. Học sinh, sinh viên.				D. Tiểu thương, tiểu chủ.|exam grade 11|FILE_20210727_195732_ĐỀTHI-HỌC-KÌ-KÌ-II-2021|. Tầng lớp tiểu tư sản không bao gồm thành phần nào dưới đây?|tầng_lớp tiểu tư_sản không bao_gồm thành_phần_nào dưới đây|B . Chủ các hãng buôn lớn.|chủ các hãng buôn lớn
Câu 13|A. đường hàng không.				B. đường thủy.C. đường sắt.					D. đường bộ.|exam grade 11|FILE_20210727_195732_ĐỀTHI-HỌC-KÌ-KÌ-II-2021|. Trong cuộc khai thác thuộc địa lần thứ nhất, thực dân Pháp chưa đầu tư xây dựng ngành giao thông |trong cuộc khai_thác thuộc_địa lần thứ nhất thực_dân pháp chưa đầu_tư xây_dựng ngành giao_thông|A . đường hàng không.|đường hàng_không
Câu 14|	A. Bắt đầu xâm lược Việt Nam.		B. Hiệp ước Hác- măng được ký kết.C. Khi quân nhà Nguyễn thất bại ở Nam Kỳ.D. Khi Pháp căn bản hoàn thành xâm lược Việt Nam. |exam grade 11|FILE_20210727_195732_ĐỀTHI-HỌC-KÌ-KÌ-II-2021|. Thực dân Pháp bắt đầu tiến hành khai thác thuộc địa từ thời điểm nào?|thực_dân pháp bắt_đầu tiến_hành khai_thác thuộc_địa_từ thời_điểm nào|D . Khi Pháp căn bản hoàn thành xâm lược Việt Nam.|khi pháp căn_bản hoàn_thành xâm_lược việt_nam
Câu 15|A. Đòi quyền lợi về kinh tế.B. Đòi chính quyền thực dân cho tham gia vào đời sống chính trị.C. Đòi thực dân Pháp trao trả độc lập cho Việt NamD. Đòi chính quyền thực dân thực hiện các quyền dân chủ rộng rãi.|exam grade 11|FILE_20210727_195732_ĐỀTHI-HỌC-KÌ-KÌ-II-2021|. Trong cuộc khai thác thuộc địa lần thứ nhất, công nhân Việt Nam đấu tranh chủ yếu vì mục tiêu gì?|trong cuộc khai_thác thuộc_địa lần thứ nhất công_nhân việt nam đấu_tranh chủ_yếu vì mục_tiêu gì|A . Đòi quyền lợi về kinh tế.|đòi quyền_lợi về kinh_tế
Câu 16|	A. Khuếch trương hình ảnh hiện đại của nền văn minh Pháp.	B. Tạo điều kiện cho dân ta đi lại thuận lợi hơn.	C. Tạo điều kiện thuận lợi cho kinh tế Việt Nam phát triển.	D. Phục vụ cho công cuộc khai thác, bóc lột và quân sự.|exam grade 11|FILE_20210727_195732_ĐỀTHI-HỌC-KÌ-KÌ-II-2021|. Trong cuộc khai thác lần thứ nhất, thực dân Pháp chú trọng xây dựng hệ thống giao thông nhằm mục đích gì?|trong cuộc khai_thác lần thứ nhất thực_dân pháp chú_trọng xây_dựng hệ_thống giao_thông nhằm mục_đích gì|D . Phục vụ cho công cuộc khai thác, bóc lột và quân sự.|phục_vụ cho công_cuộc khai_thác bóc_lột và quân_sự
Câu 17|	A. chính sách cướp đoạt ruộng đất. 	B. xây dựng hệ thống giao thông phục vụ khai thác.	C. khai thác mỏ lấy nguyên liệu phục vụ công nghiệp Pháp.	D. mở mang một số cảng biển để chuyên chở hàng hóa.|exam grade 11|FILE_20210727_195732_ĐỀTHI-HỌC-KÌ-KÌ-II-2021|. Nét nổi bật nhất trong chính sách khai thác thuộc địa lần thứ nhất của thực dân Pháp là|nét nổi_bật nhất trong chính_sách khai_thác thuộc_địa lần thứ nhất của thực_dân pháp là|A . chính sách cướp đoạt ruộng đất.|chính_sách cướp_đoạt ruộng_đất
Câu 18|	A. Vì làm cho kinh tế Việt Nam kiệt quệ. 	B. Vì làm kinh tế Việt Nam phát triển hơn trước.	C. Vì cuộc khai thác thuộc địa của Pháp đã làm nảy sinh những lực lượng sản xuất mới.	D. Vì đã du nhập phương thức sản xuất tiến bộ vào nước ta.|exam grade 11|FILE_20210727_195732_ĐỀTHI-HỌC-KÌ-KÌ-II-2021|. Vì sao dưới tác động của cuộc khai thác thuộc địa lần thứ nhất đã tạo ra điều kiện mới bên trong cho cuộc vận động cứu nước theo khuynh hướng mới?|vì_sao dưới tác_động của cuộc khai_thác thuộc_địa lần thứ nhất đã tạo ra điều_kiện mới bên trong cho cuộc vận_động cứu nước theo khuynh_hướng mới|C . Vì cuộc khai thác thuộc địa của Pháp đã làm nảy sinh những lực lượng sản xuất mới.|vì cuộc khai_thác thuộc_địa của pháp đã làm nảy_sinh những lực_lượng sản_xuất mới
Câu 19|A. Trần Quý Cáp, Ngô Đức Kế.			B. Lương Văn Can, Nguyễn Quyền.C. Phan Bội Châu, Phan Chu Trinh.		D. Thái Phiên, Trần Cao Vân.|exam grade 11|FILE_20210727_195732_ĐỀTHI-HỌC-KÌ-KÌ-II-2021|. Tiêu biểu cho khuynh hướng cứu nước theo con đường dân chủ tư sản đầu TK XX là |tiêu_biểu cho khuynh_hướng cứu nước theo con đường dân_chủ tư_sản đầu tk xx là|C . Phan Bội Châu, Phan Chu Trinh.|phan bội châu phan chu_trinh
Câu 20|A. Nhật Bản là một nước ở châu Á, có điều kiện tự nhiên, xã hội, văn hóa gần giống với Việt Nam.B. Nhật Bản đã từng đứng trước nguy cơ bị thực dân phương Tây xâm lược.C. Sau cuộc Duy Tân Minh trị (1868), Nhật Bản trở thành một nước tư bản hùng mạnh.D. Chính phủ Nhật Bản cam kết giúp đỡ phong trào độc lập dân tộc của Việt Nam.|exam grade 11|FILE_20210727_195732_ĐỀTHI-HỌC-KÌ-KÌ-II-2021|. Ý nào sau đây không phải lý do khiên Phan Bội Châu muốn dựa vào Nhật Bản để giành độc lập dân tộc?|ý nào sau đây không phải lý_do khiên phan bội châu muốn dựa vào nhật bản để giành độc_lập dân_tộc|D . Chính phủ Nhật Bản cam kết giúp đỡ phong trào độc lập dân tộc của Việt Nam.|chính_phủ nhật bản cam_kết giúp_đỡ phong_trào độc_lập dân_tộc của việt_nam
Câu 21|A. kịch liệt phản đối chủ trương bạo động, vốn là phương pháp truyền thống, rất có hiệu quả trong cuộc đấu tranh giành và giữ độc lập dân tộc trong lịch sử.B. chủ trương dựa vào Pháp để đem lại sự giàu mạnh, văn minh cho đất nước, coi đó là một trong những cơ sở giành độc lập.C. phản đối tư tưởng dân chủ lập hiến, dựa vào ngôi vua để thu phục nhân tâm, rất phù hợp với hoàn cảnh Việt Nam cũng như khu vực lúc bấy giờ.D. tư tưởng Duy tân chỉ tác động tới một bộ phận trí thức không thể thâm nhập vào quảng đại quần chúng nhân dân lao động.|exam grade 11|FILE_20210727_195732_ĐỀTHI-HỌC-KÌ-KÌ-II-2021|. Hạn chế căn bản trong tư tưởng cứu nước của cụ Phan Châu Trinh là|hạn_chế căn_bản trong tư_tưởng cứu nước của cụ phan châu trinh là|B . chủ trương dựa vào Pháp để đem lại sự giàu mạnh, văn minh cho đất nước, coi đó là một trong những cơ sở giành độc lập.|chủ_trương dựa vào pháp để đem lại sự giàu_mạnh văn_minh cho đất_nước coi đó là một trong những cơ_sở giành độc_lập
Câu 22|A. đánh đuổi thực dân Pháp và phong kiến giành độc lập dân tộc.B. đánh đuổi giặc Pháp, khôi phục nước Việt Nam, thành lập nước cộng hòa dân quốc việt Nam.C. đánh đuổi thực dân Pháp, giành độc lập, thành lập một chính thể quân chủ lập hiến ở Việt Nam.D. đánh đuổi thực dân Pháp khôi phục lại chế độ quân chủ chuyên chế ở Việt Nam.|exam grade 11|FILE_20210727_195732_ĐỀTHI-HỌC-KÌ-KÌ-II-2021|. Mục đích của Duy Tân hội là gì?|mục_đích của duy_tân hội là gì|C . đánh đuổi thực dân Pháp, giành độc lập, thành lập một chính thể quân chủ lập hiến ở Việt Nam.|đánh_đuổi thực_dân pháp giành độc_lập thành_lập một chính_thể quân_chủ lập_hiến ở việt_nam
Câu 23|A. phụ huynh đòi đưa con em về trước thời hạn.B. đã hết thời gian đào tạo phải về nước.C. Phan Bội Châu thấy không có tác dụng nên đưa về nước.D. Chính phủ Nhật câu kết Pháp, trục xuất những người yêu nước Việt Nam (kể cả Phan Bội Châu).|exam grade 11|FILE_20210727_195732_ĐỀTHI-HỌC-KÌ-KÌ-II-2021|. Tháng 8/1908 phong trào Đông Dương tan rã vì|tháng 81908 phong_trào đông dương tan_rã vì|D . Chính phủ Nhật câu kết Pháp, trục xuất những người yêu nước Việt Nam (kể cả Phan Bội Châu).|chính_phủ nhật câu_kết pháp trục_xuất những người_yêu nước việt nam kể_cả phan bội châu
Câu 24|A. chống Pháp và phong kiến.B. dùng bạo lực giành độc lập.C. dựa vào Pháp chống phong kiến xây dựng nước Việt Nam cộng hòa.D. cải cách nâng cao dân sinh, dân trí, dân quyền, dựa vào Pháp đánh đổ phong kiến. |exam grade 11|FILE_20210727_195732_ĐỀTHI-HỌC-KÌ-KÌ-II-2021|. Chủ trương cứu nước của cụ Phan Châu Trinh là|chủ_trương cứu nước của cụ phan châu trinh là|D . cải cách nâng cao dân sinh, dân trí, dân quyền, dựa vào Pháp đánh đổ phong kiến.|cải_cách nâng cao dân_sinh dân_trí dân_quyền dựa vào pháp đánh_đổ phong_kiến
Câu 25|A. kinh tế - văn hóa- xã hội. 		B. kinh tế - quân sự - ngoại giao.C. kinh tế - xã hội – quân sự.		D. văn hóa – xã hội – quân sự.|exam grade 11|FILE_20210727_195732_ĐỀTHI-HỌC-KÌ-KÌ-II-2021|. Hoạt động cứu nước của cụ Phan Châu Trinh thể hiện trên các lĩnh vực|hoạt_động cứu nước của cụ phan châu trinh thể_hiện trên các lĩnh_vực|A . kinh tế - văn hóa- xã hội.|kinh_tế văn_hóa xã_hội
Câu 26|A. mở cuộc vận động Duy Tân ở Trung Kỳ.B. thành lập Duy Tân hội.C. thành lập Việt Nam Quang phục hội.D. tổ chức phong trào Đông du.|exam grade 11|FILE_20210727_195732_ĐỀTHI-HỌC-KÌ-KÌ-II-2021|. Năm 1906, Phan Chu Trinh và nhóm sĩ phu tiến bộ ở Quảng Nam đã |năm 1906 phan chu trinh và nhóm sĩ phu tiến_bộ ở quảng_nam đã|A . mở cuộc vận động Duy Tân ở Trung Kỳ.|mở cuộc vận_động duy_tân ở trung_kỳ
Câu 27|A. cổ động chấn hưng thực nghiệp, lập hội kinh doanh.B. cuộc vận động cải cách trang phục và lối sống.C. thành lập nông hội, mở lò rèn, xưởng mộc…D. mở trường học theo lối mới.|exam grade 11|FILE_20210727_195732_ĐỀTHI-HỌC-KÌ-KÌ-II-2021|. Một trong những hoạt động độc đáo của cuộc vận động Duy Tân ở Trung Kỳ (1906) là|một trong những hoạt_động độc_đáo của cuộc vận_động duy_tân ở trung kỳ 1906 là|B . cuộc vận động cải cách trang phục và lối sống.|cuộc vận_động cải_cách trang_phục và lối sống
Câu 28|A. chống Pháp và phong kiến.B. dùng bạo lực giành độc lập.C. dựa vào Pháp chống phong kiến xây dựng nước Việt Nam cộng hòa.D. cải cách nâng cao dân sinh|exam grade 11|FILE_20210727_195732_ĐỀTHI-HỌC-KÌ-KÌ-II-2021|. Chủ trương cứu nước của cụ Phan Bội Châu là|chủ_trương cứu nước của cụ phan bội châu là|B . dùng bạo lực giành độc lập.|dùng bạo_lực giành độc_lập
Câu 1|A. địa thế rừng núi hiểm trở, thuận lợi cho cách đánh du kích.B. vùng đầm, hồ, lau sậy um tùm, dễ che dấu lực lượng mai phục và đánh địch.C. vùng đầm lầy, nghĩa quân có thể xây dựng căn cứ phòng thủ.D. vùng trung du, dễ đánh và rút lui.|exam grade 11|FILE_20210727_195732_ĐỀTHI-HỌC-KÌ-KÌ-II-2021|. Nghĩa quân chọn Bãi Sậy để xây dựng căn cứ vì|nghĩa_quân chọn bãi sậy để xây_dựng căn_cứ vì|B . vùng đầm, hồ, lau sậy um tùm, dễ che dấu lực lượng mai phục và đánh địch.|vùng đầm hồ lau sậy um_tùm dễ che dấu lực_lượng mai_phục và đánh địch
Câu 2|A. Phan Thanh Giản .      B. Cao Thắng.C. Tôn Thất Thuyết  .     D. Nguyễn Văn Tường.|exam grade 11|FILE_20210727_195732_ĐỀTHI-HỌC-KÌ-KÌ-II-2021|. Người đứng đầu phái chủ chiến chủ trương chống Pháp trong triều đình Huế là|người đứng đầu phái chủ_chiến chủ_trương chống pháp trong triều đình huế là|C . Tôn Thất Thuyết  .|tôn thất_thuyết
Câu 3|A. Đưa vua Hàm Nghi rời khỏi Hoàng thành đến sơn phòng Tân Sở (Quảng Trị).B. Tiếp tục xây dựng hệ thống sơn phòng.C. Bổ sung lực lượng quân sự.D. Đưa vua Hàm Nghi và Tam cung rời khỏi Hoàng thành đến sơn phòng Âu Sơn (Hà Tĩnh).|exam grade 11|FILE_20210727_195732_ĐỀTHI-HỌC-KÌ-KÌ-II-2021|. Sau khi cuộc phản công kinh thành Huế thất bại, Tôn Thất Thuyết đã làm gì?|sau khi cuộc phản_công kinh_thành huế thất_bại tôn thất_thuyết đã làm gì|A . Đưa vua Hàm Nghi rời khỏi Hoàng thành đến sơn phòng Tân Sở (Quảng Trị).|đưa vua hàm nghi rời khỏi hoàng_thành đến sơn_phòng tân sở quảng_trị
Câu 4|A. Tôn Thất Thuyết và Nguyễn Văn Tường.B. Hàm Nghi và Tôn Thất Thuyết.C. Nguyễn Văn Tường và Trần Xuân Soạn.D. Nguyễn Đức Nhuận và Đào Doãn Dịch.|exam grade 11|FILE_20210727_195732_ĐỀTHI-HỌC-KÌ-KÌ-II-2021|. Trong giai đoạn từ năm 1885 đến năm 1888, phong trào Cần vương đặt dưới sự chỉ huy của|trong giai_đoạn từ năm 1885 đến năm 1888 phong_trào cần vương đặt dưới sự chỉ_huy của|B . Hàm Nghi và Tôn Thất Thuyết.|hàm nghi và tôn thất_thuyết
Câu 5|A. Tuynidi.       B. Angiêri.C. Mêhicô.       D. Nam Phi.|exam grade 11|FILE_20210727_195732_ĐỀTHI-HỌC-KÌ-KÌ-II-2021|. Sau khi bắt được vua Hàm Nghi, thực dân Pháp đã đưa ông đi đày ở đâu?|sau khi bắt được vua hàm nghi thực_dân pháp đã đưa ông đi đày ở đâu|B . Angiêri.|angiêri
Câu 6|A. Đề Nắm .      B. Đề Thám.C. Nguyễn Trung Trực.       D. Phan Đình Phùng.  |exam grade 11|FILE_20210727_195732_ĐỀTHI-HỌC-KÌ-KÌ-II-2021|. Trong giai đoạn từ năm 1893 đến năm 1897, lãnh tụ tối cao của khởi nghĩa Yên Thế là|trong giai_đoạn từ năm 1893 đến năm 1897 lãnh_tụ tối_cao của khởi_nghĩa yên thế_là|B . Đề Thám.|đề thám
Câu 7|A. củng cố chế độ phong kiến Việt Nam.B. buộc thực dân Pháp phải trao trả độc lập.C. thổi bùng lên ngọn lửa  yêu nước trong nhân dân.D. xuất hiện trào lưu yêu nước.|exam grade 11|FILE_20210727_195732_ĐỀTHI-HỌC-KÌ-KÌ-II-2021|. Ý nghĩa của chiếu Cần vương là|ý_nghĩa của chiếu cần vương là|C . thổi bùng lên ngọn lửa  yêu nước trong nhân dân.|thổi bùng lên ngọn lửa yêu nước trong nhân_dân
Câu 8|A. khởi nghĩa Hương Khê.       B. khởi nghĩa Hùng Lĩnh.C. khởi nghĩa Ba Đình.       D. khởi nghĩa Bãi Sậy.|exam grade 11|FILE_20210727_195732_ĐỀTHI-HỌC-KÌ-KÌ-II-2021|. Cuộc khởi nghĩa tiêu biểu nhất trong phong trào Cần vương cuối thế kỉ XIX là|cuộc khởi_nghĩa tiêu_biểu nhất trong phong_trào cần vương cuối thế_kỉ xix là|A . khởi nghĩa Hương Khê.|khởi_nghĩa hương_khê
Câu 9|A. Yên Lễ, Mục Sơn, Nhã Nam, Hữu Thượng.B. Phủ Lạng Thương.C. Tiên Lữ (Hưng Yên).D. Hà Tĩnh, Nghệ An, Thanh Hóa, Hưng Yên, Hải Dương.|exam grade 11|FILE_20210727_195732_ĐỀTHI-HỌC-KÌ-KÌ-II-2021|. Đến năm 1981, từ Yên Thế, nghĩa quân đã mở rộng hoạt động sang vùng nào?|đến năm 1981 từ yên_thế nghĩa_quân đã mở_rộng hoạt_động sang vùng nào|B . Phủ Lạng Thương.|phủ lạng thương
Câu 10|A. hưởng ứng chiếu Cần vương.B. chống thực dân Pháp, chống triều đình nhà Nguyễn.C. là phong trào nông dân chống Pháp, không thuộc phạm trù phong trào Cần vương.D. phản ứng trước hành động đầu hàng thực dân Pháp của triều đình.|exam grade 11|FILE_20210727_195732_ĐỀTHI-HỌC-KÌ-KÌ-II-2021|. Điểm khác của khởi nghĩa Yên Thế so với các cuộc khởi nghĩa trong phong trào Cần vương là|điểm khác của khởi_nghĩa yên_thế so với các cuộc khởi_nghĩa trong phong_trào cần vương là|C . là phong trào nông dân chống Pháp, không thuộc phạm trù phong trào Cần vương.|là phong_trào nông_dân chống pháp không thuộc phạm_trù phong_trào cần vương
Câu 11|A. Rivie .      B. Gác-ni-ê.C. Pôn Đu-me.       D. Bôlaéc.|exam grade 11|FILE_20210727_195732_ĐỀTHI-HỌC-KÌ-KÌ-II-2021|. Năm 1897, thực dân Pháp cử nhân vật nào sang làm Toàn quyền Đông Dương?|năm 1897 thực_dân pháp cử_nhân_vật nào sang làm toàn_quyền đông_dương|C. Pôn Đu-me.|pôn đume
Câu 12|A. địa chủ phong kiến và tiểu tư sản.B. địa chủ phong kiến và tư sản.C. địa chủ phong kiến và nông dân.D. công nhân và nông dân.|exam grade 11|FILE_20210727_195732_ĐỀTHI-HỌC-KÌ-KÌ-II-2021|. Trước cuộc khi thác thuộc địa lần thứ nhất, xã hội Việt Nam có hai giai cấp cơ bản là|trước cuộc khi thác thuộc_địa lần thứ nhất xã_hội việt nam có hai giai_cấp cơ_bản là|C. địa chủ phong kiến và nông dân.|địa chủ phong_kiến và nông_dân
Câu 13|A. Đòi quyền lợi kinh tế.       B. Đòi quyền lợi giai cấp.C. Đòi quyền lợi dân tộc .      D. Đòi quyền tự do, dân chủ.|exam grade 11|FILE_20210727_195732_ĐỀTHI-HỌC-KÌ-KÌ-II-2021|. Đầu thế kỉ XX, mục tiêu đấu tranh của giai cấp công nhân Việt Nam là gì?|đầu thế_kỉ xx mục_tiêu đấu_tranh của giai_cấp công_nhân việt nam là gì|A . Đòi quyền lợi kinh tế.|đòi quyền_lợi kinh_tế
Câu 14|A. Chính sách “chia để trị”.B. Chính sách “dùng người Pháp trị người Việt”.C. Chính sách “đồng hóa” dân tộc Việt Nam.D. Chính sách “khủng bố trắng” đối với những người chống đối.|exam grade 11|FILE_20210727_195732_ĐỀTHI-HỌC-KÌ-KÌ-II-2021|. Thực dân Pháp đã thực hiện chính sách nào ngay từ khi tiến hành công cuộc khai thác thuộc địa lần thứ nhất ở Việt Nam?|thực_dân pháp đã thực_hiện chính_sách nào ngay từ khi tiến_hành công_cuộc khai_thác thuộc_địa lần thứ nhất ở việt_nam|A . Chính sách “chia để trị”.|chính_sách “ chia để_trị ”
Câu 15|A. Tầng lớp tư sản dân tộc.       B. Tầng lớp tiểu tư sản.C. Giai cấp công nhân.              D. Giai cấp nông dân.|exam grade 11|FILE_20210727_195732_ĐỀTHI-HỌC-KÌ-KÌ-II-2021|. Giai cấp hay tầng lớp nào ở Việt Nam ngày càng gánh chịu nhiều thứ thuế và bị khổ cực trăm bề trong thời gian thực dân Pháp tiến hành công cuộc khai thác thuộc địa lần thứ nhất?|giai_cấp hay tầng_lớp nào ở việt nam ngày_càng gánh_chịu nhiều thứ thuế và bị khổ_cực trăm bề trong thời_gian thực_dân pháp tiến_hành công_cuộc khai_thác thuộc_địa lần thứ nhất|D . Giai cấp nông dân.|giai_cấp nông_dân
Câu 16|A. nền kinh tế phát triển rõ rệt.B. công nghiệp phát triển.C. cơ cấu kinh tế ít nhiều có sự biến chuyển, cơ cấu xã hội biến đổi sâu sắc.D. phong trào yêu nước phát triển mạnh.|exam grade 11|FILE_20210727_195732_ĐỀTHI-HỌC-KÌ-KÌ-II-2021|. Hệ quả lớn nhất trong chính sách cai trị của thực dân Pháp đối với Việt Nam sau cuộc khai thác thuộc địa lần thứ nhất là|hệ_quả lớn nhất trong chính_sách cai_trị của thực_dân pháp đối_với việt nam sau cuộc khai_thác thuộc_địa lần thứ nhất_là|C . cơ cấu kinh tế ít nhiều có sự biến chuyển, cơ cấu xã hội biến đổi sâu sắc.|cơ_cấu kinh_tế ít_nhiều có sự biến_chuyển cơ_cấu xã_hội biến_đổi sâu_sắc
Câu 17|A. Phương thức sản xuất phong kiến.B. Phương thức sản xuất nhỏ, tự cung tự cấp.C. Phương thức sản xuất thực dân.D. Phương thức sản xuất tư bản chủ nghĩa.|exam grade 11|FILE_20210727_195732_ĐỀTHI-HỌC-KÌ-KÌ-II-2021|. Qua công cuộc khai thác thuộc địa lần thứ nhất của thực dân Pháp, phương thức sản xuất nào từng bước du nhập vào Việt Nam?|qua công_cuộc khai_thác thuộc_địa lần thứ nhất của thực_dân pháp phương_thức sản_xuất nào từng bước du_nhập vào việt_nam|D . Phương thức sản xuất tư bản chủ nghĩa.|phương_thức sản_xuất tư_bản chủ_nghĩa
Câu 18|A. Vì họ đấu tranh chưa mạnh mẽ, chưa kiên quyết.B. Vì họ đấu tranh chủ yếu đòi quyền lợi về kinh tế.C. Vì họ đấu tranh đòi các quyền tự do dân chủ.D. Vì sự đàn áp dã man của thực dân Pháp.|exam grade 11|FILE_20210727_195732_ĐỀTHI-HỌC-KÌ-KÌ-II-2021|. Vì sao phong trào đấu tranh của công nhân Việt Nam trong những năm đầu thế kỉ XX còn mang tính tự phát?|vì_sao phong_trào đấu_tranh của công_nhân việt_nam trong những năm đầu thế_kỉ xx còn mang tính tự_phát|B . Vì họ đấu tranh chủ yếu đòi quyền lợi về kinh tế.|vì họ đấu_tranh chủ_yếu đòi quyền_lợi về kinh_tế
Câu 19|A. Cải cách kinh tế, xã hội.B. Duy tân để phát triển đất nước.C. Bạo lực để giành độc lập dân tộc.D. Đấu tranh chính trị kết hợp đấu tranh vũ trang.|exam grade 11|FILE_20210727_195732_ĐỀTHI-HỌC-KÌ-KÌ-II-2021|. Phan Bội Châu thực hiện chủ trương giái phóng dân tộc bằng con đường nào?|phan bội châu thực_hiện chủ_trương giái phóng dân_tộc bằng con đường nào|C . Bạo lực để giành độc lập dân tộc.|bạo_lực để giành độc_lập dân_tộc
Câu 20|A. Đánh đuổi giặc Pháp, giành độc lập, thiết lập một chính thể quân chủ lập hiến ở Việt Nam.B. Duy tân làm cho đất nước cường thịnh để giành độc lập.C. Đánh đuổi giặc Pháp, đánh đổ phong kiến, hành lập chính thể cộng hòa.D. Đánh đổ ngôi vua, phát triển lên tư bản chủ nghĩa.|exam grade 11|FILE_20210727_195732_ĐỀTHI-HỌC-KÌ-KÌ-II-2021|. Phan Bội Châu và các đồng chí của ông chủ trương thành lập Hội Duy tân nhằm mục đích gì?|phan bội châu và các đồng_chí của ông chủ_trương thành_lập hội duy_tân nhằm mục_đích gì|A . Đánh đuổi giặc Pháp, giành độc lập, thiết lập một chính thể quân chủ lập hiến ở Việt Nam.|đánh_đuổi giặc pháp giành độc_lập thiết_lập một chính_thể quân_chủ lập_hiến ở việt_nam
Câu 21|A. Duy tân.       B. Đông du.C. bạo động chống Pháp.       D. “Chấn hung nội hóa”.|exam grade 11|FILE_20210727_195732_ĐỀTHI-HỌC-KÌ-KÌ-II-2021|. Để thực hiện chủ trương cầu viện Nhật Bản giúp đỡ đánh Pháp, Phan Bội Châu đã tổ chức phong trào|để thực_hiện chủ_trương cầu_viện nhật bản giúp_đỡ đánh pháp phan bội châu đã tổ_chức phong_trào|B . Đông du.|đông_du
Câu 22|A. Phụ huynh đòi đưa con em về nước trước thời hạn.B. Đã hết thời gian đào tạo, học sinh phải về nước.C. Phan Bội Châu thấy không có tác dụng nên đưa học sinh về nước.D. Chính phủ Nhật Bản câu kết với thực dân Pháp ở Đông Dương, trục xuất số lưu học sinh Việt Nam, kể cả Phan Bội Châu.|exam grade 11|FILE_20210727_195732_ĐỀTHI-HỌC-KÌ-KÌ-II-2021|. Vì sao phong trào Đông du tan rã (1908)?|vì_sao phong_trào đông_du tan_rã 1908|D . Chính phủ Nhật Bản câu kết với thực dân Pháp ở Đông Dương, trục xuất số lưu học sinh Việt Nam, kể cả Phan Bội Châu.|chính_phủ nhật bản câu_kết với thực_dân pháp ở đông dương trục_xuất số lưu học_sinh việt nam kể_cả phan bội châu
Câu 23|A. Trung Quốc .     B. Triều Tiên.C. Về nước.       D. Lào.|exam grade 11|FILE_20210727_195732_ĐỀTHI-HỌC-KÌ-KÌ-II-2021|. Sau thời gian ở Nhật Bản, Phan Bội Châu đã đến đâu để tiếp tục hoạt động?|sau thời_gian ở nhật bản phan bội châu đã đến đâu để tiếp_tục hoạt_động|A . Trung Quốc .|trung_quốc
Câu 24|A. Trung Quốc gắn với Việt Nam nên dễ dàng về nước hoạt động.B. Ảnh hưởng tư tưởng của các cuộc cải cách ở Trung Quốc.C. Cách mạng Tân Hợi (1911) bùng nổ, triều đình Mãn Thanh bị lật đổ, Chính phủ Dân quốc được thành lập, thi hành nhiều chính sách tiến bộ.D. Do Trung Quốc không phải là thuộc địa của thực dân Pháp.|exam grade 11|FILE_20210727_195732_ĐỀTHI-HỌC-KÌ-KÌ-II-2021|. Tại sao Phan Bội Châu lại quay trở lại hoạt động ở Trung Quốc?|tại_sao phan bội châu lại quay trở_lại hoạt_động ở trung_quốc|C . Cách mạng Tân Hợi (1911) bùng nổ, triều đình Mãn Thanh bị lật đổ, Chính phủ Dân quốc được thành lập, thi hành nhiều chính sách tiến bộ.|cách_mạng tân hợi 1911 bùng_nổ triều_đình mãn thanh bị lật_đổ chính_phủ dân quốc được thành_lập thi_hành nhiều chính_sách tiến_bộ
Câu 25|A. Tập hợp các lực lượng yêu nước của Việ Nam đang hoạt động ở Trung Quốc.B. Chuẩn bị lực lượng để tiến hành bạo động giành độc lập.C. Đào tạo đội ngũ cán bộ, đưa về nước hoạt động.D. Đánh đuổi giặc Pháp, khôi phục nước Việt Nam, thành lập nước Cộng hòa Dân quốc Việt Nam.|exam grade 11|FILE_20210727_195732_ĐỀTHI-HỌC-KÌ-KÌ-II-2021|. Năm 1912, Phan Bội Châu thành lập Việt Nam Quang phục hội ở Quảng Châu (Trung Quốc) nhằm mục đích gì?|năm 1912 phan bội châu thành_lập việt nam quang phục hội ở quảng_châu trung_quốc nhằm mục_đích gì|D . Đánh đuổi giặc Pháp, khôi phục nước Việt Nam, thành lập nước Cộng hòa Dân quốc Việt Nam.|đánh_đuổi giặc pháp khôi_phục nước việt nam thành_lập nước cộng hòa dân quốc việt_nam
Câu 26|A. Tổ chức tuyên truyền vận động đối với quần chúng cách mạng trong nước.B. Mở lớp huấn luyện đội ngũ cán bộ tại Quảng Châu.C. Cử người bí mật về nước trừ khử những tên thực dân đầu sỏ, kể cả Toàn quyền An-be Xa-rô và những tên tay sai đắc lực.D. Tiến hành bạo động vũ trang ở trong nước.|exam grade 11|FILE_20210727_195732_ĐỀTHI-HỌC-KÌ-KÌ-II-2021|. Việt Nam Quang phục hội đã có những hoạt động gì để gây tiếng vang trong nước và thức tỉnh đồng bào?|việt nam quang phục hội đã có những hoạt_động gì để gây tiếng_vang trong nước và thức_tỉnh đồng_bào|C. Cử người bí mật về nước trừ khử những tên thực dân đầu sỏ, kể cả Toàn quyền An-be Xa-rô và những tên tay sai đắc lực.|cử người bí_mật về nước trừ_khử những tên thực_dân đầu_sỏ kể_cả toàn_quyền anbe xarô và những tên tay_sai đắc_lực
Câu 27|A. tuyên truyền vận động được quần chúng nhân dân ở trong nướcB. mở được nhiều lớp huấn luyện đội ngũ cán bộ tại Quảng ChâuC. khuấy động được dư luận trong và ngoài nướcD. kích động được tinh thần yêu nước của nhân dân ta|exam grade 11|FILE_20210727_195732_ĐỀTHI-HỌC-KÌ-KÌ-II-2021|. Kết quả hoạt động buổi đầu của Việt Nam Quang phục hội là|kết_quả hoạt_động buổi đầu của việt nam quang phục hội là|C . khuấy động được dư luận trong và ngoài nước|khuấy_động được dư_luận trong và ngoài nước
Câu 28|A. Nhật Bản là nước “đồng văn, đồng chủng”, là nước duy nhất ở châu Á thoát khỏi số phận một nước thuộc địa.B. Sau Cải cách Minh Trị, Nhật Bản trở thành nước tư bản hùng mạnh.C. Nhật Bản dã đánh thắng đế quốc Nga (1905).D. Nhật Bản đã đề ra thuyết “Đại Đông Á” nhằm mở rộng ảnh hưởng ở khu vực Đông Á, trong đó có Việt Nam.|exam grade 11|FILE_20210727_195732_ĐỀTHI-HỌC-KÌ-KÌ-II-2021|. Ý nào không phải là lí do mà vào những năm đầu thế kỉ XX một số nhà yêu nước Việt Nam muốn đi theo con đường cứu nước của Nhật Bản?|ý nào không phải là lí_do mà vào những năm đầu thế_kỉ xx một_số nhà yêu nước việt nam muốn đi theo con đường cứu nước của nhật_bản|D . Nhật Bản đã đề ra thuyết “Đại Đông Á” nhằm mở rộng ảnh hưởng ở khu vực Đông Á, trong đó có Việt Nam.|nhật bản đã đề ra thuyết “ đại đông á ” nhằm mở_rộng ảnh_hưởng ở khu_vực đông á trong đó có việt_nam
